customerID,custFName,custLName,custEmail,custPhoneNumber,custType,,,,,,,,,
200001,Joseph,Robinson,JosephARobinson@gustr.com,580-997-6868,Wholesaler,,"(200001, ","'Joseph', ","'Robinson', ","'JosephARobinson@gustr.com', ","'580-997-6868', ","'Wholesaler'), ",,"(200001, 'Joseph', 'Robinson', 'JosephARobinson@gustr.com', '580-997-6868', 'Wholesaler'), "
200002,Thomas,Loftis,ThomasRLoftis@jourrapide.com,256-513-5661,Wholesaler,,"(200002, ","'Thomas', ","'Loftis', ","'ThomasRLoftis@jourrapide.com', ","'256-513-5661', ","'Wholesaler'), ",,"(200002, 'Thomas', 'Loftis', 'ThomasRLoftis@jourrapide.com', '256-513-5661', 'Wholesaler'), "
200003,Mary,Vanbuskirk,MaryFVanbuskirk@fleckens.hu,304-524-6512,Reseller,,"(200003, ","'Mary', ","'Vanbuskirk', ","'MaryFVanbuskirk@fleckens.hu', ","'304-524-6512', ","'Reseller'), ",,"(200003, 'Mary', 'Vanbuskirk', 'MaryFVanbuskirk@fleckens.hu', '304-524-6512', 'Reseller'), "
200004,Tiffany,Moreno,TiffanyDMoreno@rhyta.com,415-970-0782,Wholesaler,,"(200004, ","'Tiffany', ","'Moreno', ","'TiffanyDMoreno@rhyta.com', ","'415-970-0782', ","'Wholesaler'), ",,"(200004, 'Tiffany', 'Moreno', 'TiffanyDMoreno@rhyta.com', '415-970-0782', 'Wholesaler'), "
200005,Francisco,James,FranciscoCJames@cuvox.de,925-621-9338,Reseller,,"(200005, ","'Francisco', ","'James', ","'FranciscoCJames@cuvox.de', ","'925-621-9338', ","'Reseller'), ",,"(200005, 'Francisco', 'James', 'FranciscoCJames@cuvox.de', '925-621-9338', 'Reseller'), "
200006,Eddie,Halls,EddieGHalls@cuvox.de,217-828-5784,Wholesaler,,"(200006, ","'Eddie', ","'Halls', ","'EddieGHalls@cuvox.de', ","'217-828-5784', ","'Wholesaler'), ",,"(200006, 'Eddie', 'Halls', 'EddieGHalls@cuvox.de', '217-828-5784', 'Wholesaler'), "
200007,John,Mistretta,JohnIMistretta@jourrapide.com,215-291-8471,Reseller,,"(200007, ","'John', ","'Mistretta', ","'JohnIMistretta@jourrapide.com', ","'215-291-8471', ","'Reseller'), ",,"(200007, 'John', 'Mistretta', 'JohnIMistretta@jourrapide.com', '215-291-8471', 'Reseller'), "
200008,Bonnie,Blocher,BonnieRBlocher@armyspy.com,423-963-3221,Surfer,,"(200008, ","'Bonnie', ","'Blocher', ","'BonnieRBlocher@armyspy.com', ","'423-963-3221', ","'Surfer'), ",,"(200008, 'Bonnie', 'Blocher', 'BonnieRBlocher@armyspy.com', '423-963-3221', 'Surfer'), "
200009,Laura,Thompson,LauraAThompson@fleckens.hu,815-819-9551,Surfer,,"(200009, ","'Laura', ","'Thompson', ","'LauraAThompson@fleckens.hu', ","'815-819-9551', ","'Surfer'), ",,"(200009, 'Laura', 'Thompson', 'LauraAThompson@fleckens.hu', '815-819-9551', 'Surfer'), "
200010,Kenneth,Swain,KennethMSwain@superrito.com,320-398-1684,Wholesaler,,"(200010, ","'Kenneth', ","'Swain', ","'KennethMSwain@superrito.com', ","'320-398-1684', ","'Wholesaler'), ",,"(200010, 'Kenneth', 'Swain', 'KennethMSwain@superrito.com', '320-398-1684', 'Wholesaler'), "
200011,Dennis,Nesbitt,DennisGNesbitt@armyspy.com,419-422-1407,Reseller,,"(200011, ","'Dennis', ","'Nesbitt', ","'DennisGNesbitt@armyspy.com', ","'419-422-1407', ","'Reseller'), ",,"(200011, 'Dennis', 'Nesbitt', 'DennisGNesbitt@armyspy.com', '419-422-1407', 'Reseller'), "
200012,James,Ellis,JamesMEllis@armyspy.com,308-752-6588,Wholesaler,,"(200012, ","'James', ","'Ellis', ","'JamesMEllis@armyspy.com', ","'308-752-6588', ","'Wholesaler'), ",,"(200012, 'James', 'Ellis', 'JamesMEllis@armyspy.com', '308-752-6588', 'Wholesaler'), "
200013,Jose,Frazee,JoseHFrazee@rhyta.com,402-235-2968,Surfer,,"(200013, ","'Jose', ","'Frazee', ","'JoseHFrazee@rhyta.com', ","'402-235-2968', ","'Surfer'), ",,"(200013, 'Jose', 'Frazee', 'JoseHFrazee@rhyta.com', '402-235-2968', 'Surfer'), "
200014,Martin,Grinder,MartinOGrinder@teleworm.us,803-325-9408,Reseller,,"(200014, ","'Martin', ","'Grinder', ","'MartinOGrinder@teleworm.us', ","'803-325-9408', ","'Reseller'), ",,"(200014, 'Martin', 'Grinder', 'MartinOGrinder@teleworm.us', '803-325-9408', 'Reseller'), "
200015,William,Beaty,WilliamPBeaty@gustr.com,973-633-9521,Reseller,,"(200015, ","'William', ","'Beaty', ","'WilliamPBeaty@gustr.com', ","'973-633-9521', ","'Reseller'), ",,"(200015, 'William', 'Beaty', 'WilliamPBeaty@gustr.com', '973-633-9521', 'Reseller'), "
200016,Gary,Picard,GaryFPicard@armyspy.com,818-592-7560,Surfer,,"(200016, ","'Gary', ","'Picard', ","'GaryFPicard@armyspy.com', ","'818-592-7560', ","'Surfer'), ",,"(200016, 'Gary', 'Picard', 'GaryFPicard@armyspy.com', '818-592-7560', 'Surfer'), "
200017,Amanda,Olsen,AmandaTOlsen@cuvox.de,218-345-7173,Reseller,,"(200017, ","'Amanda', ","'Olsen', ","'AmandaTOlsen@cuvox.de', ","'218-345-7173', ","'Reseller'), ",,"(200017, 'Amanda', 'Olsen', 'AmandaTOlsen@cuvox.de', '218-345-7173', 'Reseller'), "
200018,Beatrice,Skinner,BeatriceLSkinner@teleworm.us,423-207-7951,Surfer,,"(200018, ","'Beatrice', ","'Skinner', ","'BeatriceLSkinner@teleworm.us', ","'423-207-7951', ","'Surfer'), ",,"(200018, 'Beatrice', 'Skinner', 'BeatriceLSkinner@teleworm.us', '423-207-7951', 'Surfer'), "
200019,Nannie,McMillian,NannieCMcMillian@superrito.com,224-715-0118,Reseller,,"(200019, ","'Nannie', ","'McMillian', ","'NannieCMcMillian@superrito.com', ","'224-715-0118', ","'Reseller'), ",,"(200019, 'Nannie', 'McMillian', 'NannieCMcMillian@superrito.com', '224-715-0118', 'Reseller'), "
200020,Robert,Gatewood,RobertCGatewood@dayrep.com,619-253-2239,Wholesaler,,"(200020, ","'Robert', ","'Gatewood', ","'RobertCGatewood@dayrep.com', ","'619-253-2239', ","'Wholesaler'), ",,"(200020, 'Robert', 'Gatewood', 'RobertCGatewood@dayrep.com', '619-253-2239', 'Wholesaler'), "
200021,Donald,Bayne,DonaldNBayne@rhyta.com,830-505-0603,Reseller,,"(200021, ","'Donald', ","'Bayne', ","'DonaldNBayne@rhyta.com', ","'830-505-0603', ","'Reseller'), ",,"(200021, 'Donald', 'Bayne', 'DonaldNBayne@rhyta.com', '830-505-0603', 'Reseller'), "
200022,James,Carrington,JamesRCarrington@einrot.com,817-395-7380,Surfer,,"(200022, ","'James', ","'Carrington', ","'JamesRCarrington@einrot.com', ","'817-395-7380', ","'Surfer'), ",,"(200022, 'James', 'Carrington', 'JamesRCarrington@einrot.com', '817-395-7380', 'Surfer'), "
200023,Clifford,Fanelli,CliffordLFanelli@einrot.com,985-346-7870,Surfer,,"(200023, ","'Clifford', ","'Fanelli', ","'CliffordLFanelli@einrot.com', ","'985-346-7870', ","'Surfer'), ",,"(200023, 'Clifford', 'Fanelli', 'CliffordLFanelli@einrot.com', '985-346-7870', 'Surfer'), "
200024,Thomas,Wood,ThomasAWood@fleckens.hu,360-508-0528,Reseller,,"(200024, ","'Thomas', ","'Wood', ","'ThomasAWood@fleckens.hu', ","'360-508-0528', ","'Reseller'), ",,"(200024, 'Thomas', 'Wood', 'ThomasAWood@fleckens.hu', '360-508-0528', 'Reseller'), "
200025,Ruben,Haire,RubenRHaire@teleworm.us,803-588-7916,Wholesaler,,"(200025, ","'Ruben', ","'Haire', ","'RubenRHaire@teleworm.us', ","'803-588-7916', ","'Wholesaler'), ",,"(200025, 'Ruben', 'Haire', 'RubenRHaire@teleworm.us', '803-588-7916', 'Wholesaler'), "
200026,Rebecca,Fuller,RebeccaRFuller@einrot.com,920-634-7589,Reseller,,"(200026, ","'Rebecca', ","'Fuller', ","'RebeccaRFuller@einrot.com', ","'920-634-7589', ","'Reseller'), ",,"(200026, 'Rebecca', 'Fuller', 'RebeccaRFuller@einrot.com', '920-634-7589', 'Reseller'), "
200027,Brian,Sexton,BrianCSexton@superrito.com,843-559-2202,Wholesaler,,"(200027, ","'Brian', ","'Sexton', ","'BrianCSexton@superrito.com', ","'843-559-2202', ","'Wholesaler'), ",,"(200027, 'Brian', 'Sexton', 'BrianCSexton@superrito.com', '843-559-2202', 'Wholesaler'), "
200028,Joseph,Francis,JosephCFrancis@dayrep.com,315-364-4411,Wholesaler,,"(200028, ","'Joseph', ","'Francis', ","'JosephCFrancis@dayrep.com', ","'315-364-4411', ","'Wholesaler'), ",,"(200028, 'Joseph', 'Francis', 'JosephCFrancis@dayrep.com', '315-364-4411', 'Wholesaler'), "
200029,Leonard,Webster,LeonardKWebster@gustr.com,850-929-1355,Reseller,,"(200029, ","'Leonard', ","'Webster', ","'LeonardKWebster@gustr.com', ","'850-929-1355', ","'Reseller'), ",,"(200029, 'Leonard', 'Webster', 'LeonardKWebster@gustr.com', '850-929-1355', 'Reseller'), "
200030,David,Minard,DavidEMinard@superrito.com,615-729-9189,Surfer,,"(200030, ","'David', ","'Minard', ","'DavidEMinard@superrito.com', ","'615-729-9189', ","'Surfer'), ",,"(200030, 'David', 'Minard', 'DavidEMinard@superrito.com', '615-729-9189', 'Surfer'), "
200031,Patricia,Joseph,PatriciaRJoseph@fleckens.hu,609-430-4636,Surfer,,"(200031, ","'Patricia', ","'Joseph', ","'PatriciaRJoseph@fleckens.hu', ","'609-430-4636', ","'Surfer'), ",,"(200031, 'Patricia', 'Joseph', 'PatriciaRJoseph@fleckens.hu', '609-430-4636', 'Surfer'), "
200032,Dina,Richter,DinaMRichter@einrot.com,310-606-8120,Reseller,,"(200032, ","'Dina', ","'Richter', ","'DinaMRichter@einrot.com', ","'310-606-8120', ","'Reseller'), ",,"(200032, 'Dina', 'Richter', 'DinaMRichter@einrot.com', '310-606-8120', 'Reseller'), "
200033,Jay,Harrington,JayKHarrington@teleworm.us,412-665-0187,Wholesaler,,"(200033, ","'Jay', ","'Harrington', ","'JayKHarrington@teleworm.us', ","'412-665-0187', ","'Wholesaler'), ",,"(200033, 'Jay', 'Harrington', 'JayKHarrington@teleworm.us', '412-665-0187', 'Wholesaler'), "
200034,Johnnie,Russell,JohnnieDRussell@einrot.com,570-440-1362,Surfer,,"(200034, ","'Johnnie', ","'Russell', ","'JohnnieDRussell@einrot.com', ","'570-440-1362', ","'Surfer'), ",,"(200034, 'Johnnie', 'Russell', 'JohnnieDRussell@einrot.com', '570-440-1362', 'Surfer'), "
200035,Richard,Simmons,RichardKSimmons@dayrep.com,650-378-6176,Surfer,,"(200035, ","'Richard', ","'Simmons', ","'RichardKSimmons@dayrep.com', ","'650-378-6176', ","'Surfer'), ",,"(200035, 'Richard', 'Simmons', 'RichardKSimmons@dayrep.com', '650-378-6176', 'Surfer'), "
200036,Gene,Daughtrey,GeneRDaughtrey@einrot.com,815-549-3449,Surfer,,"(200036, ","'Gene', ","'Daughtrey', ","'GeneRDaughtrey@einrot.com', ","'815-549-3449', ","'Surfer'), ",,"(200036, 'Gene', 'Daughtrey', 'GeneRDaughtrey@einrot.com', '815-549-3449', 'Surfer'), "
200037,Donald,Brown,DonaldTBrown@superrito.com,313-667-6304,Surfer,,"(200037, ","'Donald', ","'Brown', ","'DonaldTBrown@superrito.com', ","'313-667-6304', ","'Surfer'), ",,"(200037, 'Donald', 'Brown', 'DonaldTBrown@superrito.com', '313-667-6304', 'Surfer'), "
200038,Jona,Reynolds,JonaRReynolds@rhyta.com,504-884-4488,Wholesaler,,"(200038, ","'Jona', ","'Reynolds', ","'JonaRReynolds@rhyta.com', ","'504-884-4488', ","'Wholesaler'), ",,"(200038, 'Jona', 'Reynolds', 'JonaRReynolds@rhyta.com', '504-884-4488', 'Wholesaler'), "
200039,John,Simmons,JohnCSimmons@dayrep.com,502-413-7653,Reseller,,"(200039, ","'John', ","'Simmons', ","'JohnCSimmons@dayrep.com', ","'502-413-7653', ","'Reseller'), ",,"(200039, 'John', 'Simmons', 'JohnCSimmons@dayrep.com', '502-413-7653', 'Reseller'), "
200040,Gary,Hoch,GaryPHoch@superrito.com,203-770-8362,Wholesaler,,"(200040, ","'Gary', ","'Hoch', ","'GaryPHoch@superrito.com', ","'203-770-8362', ","'Wholesaler'), ",,"(200040, 'Gary', 'Hoch', 'GaryPHoch@superrito.com', '203-770-8362', 'Wholesaler'), "
200041,Kelly,Dey,KellyJDey@teleworm.us,425-828-9113,Wholesaler,,"(200041, ","'Kelly', ","'Dey', ","'KellyJDey@teleworm.us', ","'425-828-9113', ","'Wholesaler'), ",,"(200041, 'Kelly', 'Dey', 'KellyJDey@teleworm.us', '425-828-9113', 'Wholesaler'), "
200042,Katherine,Marchese,KatherineSMarchese@einrot.com,661-575-3707,Wholesaler,,"(200042, ","'Katherine', ","'Marchese', ","'KatherineSMarchese@einrot.com', ","'661-575-3707', ","'Wholesaler'), ",,"(200042, 'Katherine', 'Marchese', 'KatherineSMarchese@einrot.com', '661-575-3707', 'Wholesaler'), "
200043,Betty,Olivier,BettyAOlivier@cuvox.de,254-255-0446,Reseller,,"(200043, ","'Betty', ","'Olivier', ","'BettyAOlivier@cuvox.de', ","'254-255-0446', ","'Reseller'), ",,"(200043, 'Betty', 'Olivier', 'BettyAOlivier@cuvox.de', '254-255-0446', 'Reseller'), "
200044,Rosetta,Cannella,RosettaJCannella@dayrep.com,712-682-2889,Reseller,,"(200044, ","'Rosetta', ","'Cannella', ","'RosettaJCannella@dayrep.com', ","'712-682-2889', ","'Reseller'), ",,"(200044, 'Rosetta', 'Cannella', 'RosettaJCannella@dayrep.com', '712-682-2889', 'Reseller'), "
200045,Jared,Beard,JaredBBeard@superrito.com,806-355-6204,Wholesaler,,"(200045, ","'Jared', ","'Beard', ","'JaredBBeard@superrito.com', ","'806-355-6204', ","'Wholesaler'), ",,"(200045, 'Jared', 'Beard', 'JaredBBeard@superrito.com', '806-355-6204', 'Wholesaler'), "
200046,Raymon,Gooding,RaymonLGooding@teleworm.us,812-397-4292,Surfer,,"(200046, ","'Raymon', ","'Gooding', ","'RaymonLGooding@teleworm.us', ","'812-397-4292', ","'Surfer'), ",,"(200046, 'Raymon', 'Gooding', 'RaymonLGooding@teleworm.us', '812-397-4292', 'Surfer'), "
200047,Aaron,Lay,AaronFLay@einrot.com,920-889-7790,Wholesaler,,"(200047, ","'Aaron', ","'Lay', ","'AaronFLay@einrot.com', ","'920-889-7790', ","'Wholesaler'), ",,"(200047, 'Aaron', 'Lay', 'AaronFLay@einrot.com', '920-889-7790', 'Wholesaler'), "
200048,Charlie,Swing,CharlieLSwing@teleworm.us,336-636-3146,Wholesaler,,"(200048, ","'Charlie', ","'Swing', ","'CharlieLSwing@teleworm.us', ","'336-636-3146', ","'Wholesaler'), ",,"(200048, 'Charlie', 'Swing', 'CharlieLSwing@teleworm.us', '336-636-3146', 'Wholesaler'), "
200049,James,Lowe,JamesSLowe@superrito.com,585-636-4943,Surfer,,"(200049, ","'James', ","'Lowe', ","'JamesSLowe@superrito.com', ","'585-636-4943', ","'Surfer'), ",,"(200049, 'James', 'Lowe', 'JamesSLowe@superrito.com', '585-636-4943', 'Surfer'), "
200050,Robert,Bell,RobertIBell@rhyta.com,706-245-0527,Reseller,,"(200050, ","'Robert', ","'Bell', ","'RobertIBell@rhyta.com', ","'706-245-0527', ","'Reseller'), ",,"(200050, 'Robert', 'Bell', 'RobertIBell@rhyta.com', '706-245-0527', 'Reseller'), "
200051,Vernie,Velasco,VernieNVelasco@armyspy.com,607-798-3999,Wholesaler,,"(200051, ","'Vernie', ","'Velasco', ","'VernieNVelasco@armyspy.com', ","'607-798-3999', ","'Wholesaler'), ",,"(200051, 'Vernie', 'Velasco', 'VernieNVelasco@armyspy.com', '607-798-3999', 'Wholesaler'), "
200052,Jon,Victorino,JonDVictorino@rhyta.com,845-943-2987,Reseller,,"(200052, ","'Jon', ","'Victorino', ","'JonDVictorino@rhyta.com', ","'845-943-2987', ","'Reseller'), ",,"(200052, 'Jon', 'Victorino', 'JonDVictorino@rhyta.com', '845-943-2987', 'Reseller'), "
200053,Ernestine,Lewin,ErnestineMLewin@rhyta.com,941-362-3719,Reseller,,"(200053, ","'Ernestine', ","'Lewin', ","'ErnestineMLewin@rhyta.com', ","'941-362-3719', ","'Reseller'), ",,"(200053, 'Ernestine', 'Lewin', 'ErnestineMLewin@rhyta.com', '941-362-3719', 'Reseller'), "
200054,Eric,Harmon,EricRHarmon@rhyta.com,309-530-6430,Wholesaler,,"(200054, ","'Eric', ","'Harmon', ","'EricRHarmon@rhyta.com', ","'309-530-6430', ","'Wholesaler'), ",,"(200054, 'Eric', 'Harmon', 'EricRHarmon@rhyta.com', '309-530-6430', 'Wholesaler'), "
200055,Wallace,Lutz,WallaceELutz@jourrapide.com,407-933-1036,Surfer,,"(200055, ","'Wallace', ","'Lutz', ","'WallaceELutz@jourrapide.com', ","'407-933-1036', ","'Surfer'), ",,"(200055, 'Wallace', 'Lutz', 'WallaceELutz@jourrapide.com', '407-933-1036', 'Surfer'), "
200056,Angel,Gerry,AngelGGerry@einrot.com,305-954-9783,Reseller,,"(200056, ","'Angel', ","'Gerry', ","'AngelGGerry@einrot.com', ","'305-954-9783', ","'Reseller'), ",,"(200056, 'Angel', 'Gerry', 'AngelGGerry@einrot.com', '305-954-9783', 'Reseller'), "
200057,Tracy,Hirschman,TracySHirschman@fleckens.hu,435-381-5980,Surfer,,"(200057, ","'Tracy', ","'Hirschman', ","'TracySHirschman@fleckens.hu', ","'435-381-5980', ","'Surfer'), ",,"(200057, 'Tracy', 'Hirschman', 'TracySHirschman@fleckens.hu', '435-381-5980', 'Surfer'), "
200058,Robert,Homan,RobertEHoman@rhyta.com,610-616-4529,Reseller,,"(200058, ","'Robert', ","'Homan', ","'RobertEHoman@rhyta.com', ","'610-616-4529', ","'Reseller'), ",,"(200058, 'Robert', 'Homan', 'RobertEHoman@rhyta.com', '610-616-4529', 'Reseller'), "
200059,Calvin,Mason,CalvinSMason@teleworm.us,832-858-4812,Surfer,,"(200059, ","'Calvin', ","'Mason', ","'CalvinSMason@teleworm.us', ","'832-858-4812', ","'Surfer'), ",,"(200059, 'Calvin', 'Mason', 'CalvinSMason@teleworm.us', '832-858-4812', 'Surfer'), "
200060,Deirdre,Reyes,DeirdreGReyes@teleworm.us,678-353-9324,Wholesaler,,"(200060, ","'Deirdre', ","'Reyes', ","'DeirdreGReyes@teleworm.us', ","'678-353-9324', ","'Wholesaler'), ",,"(200060, 'Deirdre', 'Reyes', 'DeirdreGReyes@teleworm.us', '678-353-9324', 'Wholesaler'), "
200061,Ronald,Watkins,RonaldBWatkins@einrot.com,415-551-2465,Reseller,,"(200061, ","'Ronald', ","'Watkins', ","'RonaldBWatkins@einrot.com', ","'415-551-2465', ","'Reseller'), ",,"(200061, 'Ronald', 'Watkins', 'RonaldBWatkins@einrot.com', '415-551-2465', 'Reseller'), "
200062,Maude,Proper,MaudePProper@gustr.com,321-254-8893,Wholesaler,,"(200062, ","'Maude', ","'Proper', ","'MaudePProper@gustr.com', ","'321-254-8893', ","'Wholesaler'), ",,"(200062, 'Maude', 'Proper', 'MaudePProper@gustr.com', '321-254-8893', 'Wholesaler'), "
200063,Samuel,Navarre,SamuelNNavarre@jourrapide.com,914-805-6973,Reseller,,"(200063, ","'Samuel', ","'Navarre', ","'SamuelNNavarre@jourrapide.com', ","'914-805-6973', ","'Reseller'), ",,"(200063, 'Samuel', 'Navarre', 'SamuelNNavarre@jourrapide.com', '914-805-6973', 'Reseller'), "
200064,Robert,Steele,RobertCSteele@einrot.com,970-515-7810,Reseller,,"(200064, ","'Robert', ","'Steele', ","'RobertCSteele@einrot.com', ","'970-515-7810', ","'Reseller'), ",,"(200064, 'Robert', 'Steele', 'RobertCSteele@einrot.com', '970-515-7810', 'Reseller'), "
200065,Jerald,Drennen,JeraldADrennen@cuvox.de,408-501-1538,Wholesaler,,"(200065, ","'Jerald', ","'Drennen', ","'JeraldADrennen@cuvox.de', ","'408-501-1538', ","'Wholesaler'), ",,"(200065, 'Jerald', 'Drennen', 'JeraldADrennen@cuvox.de', '408-501-1538', 'Wholesaler'), "
200066,Laurie,Bryant,LaurieDBryant@rhyta.com,812-237-8970,Wholesaler,,"(200066, ","'Laurie', ","'Bryant', ","'LaurieDBryant@rhyta.com', ","'812-237-8970', ","'Wholesaler'), ",,"(200066, 'Laurie', 'Bryant', 'LaurieDBryant@rhyta.com', '812-237-8970', 'Wholesaler'), "
200067,Barbara,Dills,BarbaraJDills@jourrapide.com,406-935-7622,Reseller,,"(200067, ","'Barbara', ","'Dills', ","'BarbaraJDills@jourrapide.com', ","'406-935-7622', ","'Reseller'), ",,"(200067, 'Barbara', 'Dills', 'BarbaraJDills@jourrapide.com', '406-935-7622', 'Reseller'), "
200068,Lacy,Raminez,LacyMRaminez@einrot.com,212-746-6117,Surfer,,"(200068, ","'Lacy', ","'Raminez', ","'LacyMRaminez@einrot.com', ","'212-746-6117', ","'Surfer'), ",,"(200068, 'Lacy', 'Raminez', 'LacyMRaminez@einrot.com', '212-746-6117', 'Surfer'), "
200069,Arlene,Hooks,ArleneJHooks@jourrapide.com,212-868-6945,Wholesaler,,"(200069, ","'Arlene', ","'Hooks', ","'ArleneJHooks@jourrapide.com', ","'212-868-6945', ","'Wholesaler'), ",,"(200069, 'Arlene', 'Hooks', 'ArleneJHooks@jourrapide.com', '212-868-6945', 'Wholesaler'), "
200070,William,Wade,WilliamSWade@einrot.com,815-603-4514,Reseller,,"(200070, ","'William', ","'Wade', ","'WilliamSWade@einrot.com', ","'815-603-4514', ","'Reseller'), ",,"(200070, 'William', 'Wade', 'WilliamSWade@einrot.com', '815-603-4514', 'Reseller'), "
200071,Ann,Cabral,AnnJCabral@armyspy.com,781-656-2074,Reseller,,"(200071, ","'Ann', ","'Cabral', ","'AnnJCabral@armyspy.com', ","'781-656-2074', ","'Reseller'), ",,"(200071, 'Ann', 'Cabral', 'AnnJCabral@armyspy.com', '781-656-2074', 'Reseller'), "
200072,Mary,Emerson,MaryEEmerson@superrito.com,804-761-9140,Surfer,,"(200072, ","'Mary', ","'Emerson', ","'MaryEEmerson@superrito.com', ","'804-761-9140', ","'Surfer'), ",,"(200072, 'Mary', 'Emerson', 'MaryEEmerson@superrito.com', '804-761-9140', 'Surfer'), "
200073,Meghan,Sanderson,MeghanLSanderson@jourrapide.com,312-217-7475,Surfer,,"(200073, ","'Meghan', ","'Sanderson', ","'MeghanLSanderson@jourrapide.com', ","'312-217-7475', ","'Surfer'), ",,"(200073, 'Meghan', 'Sanderson', 'MeghanLSanderson@jourrapide.com', '312-217-7475', 'Surfer'), "
200074,Daniel,Kelly,DanielCKelly@cuvox.de,732-960-7488,Surfer,,"(200074, ","'Daniel', ","'Kelly', ","'DanielCKelly@cuvox.de', ","'732-960-7488', ","'Surfer'), ",,"(200074, 'Daniel', 'Kelly', 'DanielCKelly@cuvox.de', '732-960-7488', 'Surfer'), "
200075,Shirley,Andrews,ShirleyJAndrews@rhyta.com,618-725-7754,Surfer,,"(200075, ","'Shirley', ","'Andrews', ","'ShirleyJAndrews@rhyta.com', ","'618-725-7754', ","'Surfer'), ",,"(200075, 'Shirley', 'Andrews', 'ShirleyJAndrews@rhyta.com', '618-725-7754', 'Surfer'), "
200076,Christopher,Norton,ChristopherDNorton@fleckens.hu,607-293-0814,Surfer,,"(200076, ","'Christopher', ","'Norton', ","'ChristopherDNorton@fleckens.hu', ","'607-293-0814', ","'Surfer'), ",,"(200076, 'Christopher', 'Norton', 'ChristopherDNorton@fleckens.hu', '607-293-0814', 'Surfer'), "
200077,Shauna,Valenti,ShaunaTValenti@cuvox.de,703-638-3539,Reseller,,"(200077, ","'Shauna', ","'Valenti', ","'ShaunaTValenti@cuvox.de', ","'703-638-3539', ","'Reseller'), ",,"(200077, 'Shauna', 'Valenti', 'ShaunaTValenti@cuvox.de', '703-638-3539', 'Reseller'), "
200078,Gregoria,Bridgers,GregoriaPBridgers@superrito.com,419-455-4799,Surfer,,"(200078, ","'Gregoria', ","'Bridgers', ","'GregoriaPBridgers@superrito.com', ","'419-455-4799', ","'Surfer'), ",,"(200078, 'Gregoria', 'Bridgers', 'GregoriaPBridgers@superrito.com', '419-455-4799', 'Surfer'), "
200079,Veronica,Rinaldi,VeronicaMRinaldi@armyspy.com,920-707-1842,Reseller,,"(200079, ","'Veronica', ","'Rinaldi', ","'VeronicaMRinaldi@armyspy.com', ","'920-707-1842', ","'Reseller'), ",,"(200079, 'Veronica', 'Rinaldi', 'VeronicaMRinaldi@armyspy.com', '920-707-1842', 'Reseller'), "
200080,Carolyn,Mayne,CarolynRMayne@superrito.com,740-696-1150,Reseller,,"(200080, ","'Carolyn', ","'Mayne', ","'CarolynRMayne@superrito.com', ","'740-696-1150', ","'Reseller'), ",,"(200080, 'Carolyn', 'Mayne', 'CarolynRMayne@superrito.com', '740-696-1150', 'Reseller'), "
200081,Joshua,Obryan,JoshuaEObryan@rhyta.com,262-775-1726,Reseller,,"(200081, ","'Joshua', ","'Obryan', ","'JoshuaEObryan@rhyta.com', ","'262-775-1726', ","'Reseller'), ",,"(200081, 'Joshua', 'Obryan', 'JoshuaEObryan@rhyta.com', '262-775-1726', 'Reseller'), "
200082,Reba,Brown,RebaWBrown@superrito.com,973-904-7523,Reseller,,"(200082, ","'Reba', ","'Brown', ","'RebaWBrown@superrito.com', ","'973-904-7523', ","'Reseller'), ",,"(200082, 'Reba', 'Brown', 'RebaWBrown@superrito.com', '973-904-7523', 'Reseller'), "
200083,Keisha,Palmer,KeishaCPalmer@rhyta.com,228-214-6344,Wholesaler,,"(200083, ","'Keisha', ","'Palmer', ","'KeishaCPalmer@rhyta.com', ","'228-214-6344', ","'Wholesaler'), ",,"(200083, 'Keisha', 'Palmer', 'KeishaCPalmer@rhyta.com', '228-214-6344', 'Wholesaler'), "
200084,Sadye,Brandow,SadyeHBrandow@cuvox.de,315-648-2865,Surfer,,"(200084, ","'Sadye', ","'Brandow', ","'SadyeHBrandow@cuvox.de', ","'315-648-2865', ","'Surfer'), ",,"(200084, 'Sadye', 'Brandow', 'SadyeHBrandow@cuvox.de', '315-648-2865', 'Surfer'), "
200085,Beulah,Crawley,BeulahHCrawley@jourrapide.com,478-808-1961,Surfer,,"(200085, ","'Beulah', ","'Crawley', ","'BeulahHCrawley@jourrapide.com', ","'478-808-1961', ","'Surfer'), ",,"(200085, 'Beulah', 'Crawley', 'BeulahHCrawley@jourrapide.com', '478-808-1961', 'Surfer'), "
200086,Gregory,Towle,GregoryFTowle@fleckens.hu,440-829-1924,Reseller,,"(200086, ","'Gregory', ","'Towle', ","'GregoryFTowle@fleckens.hu', ","'440-829-1924', ","'Reseller'), ",,"(200086, 'Gregory', 'Towle', 'GregoryFTowle@fleckens.hu', '440-829-1924', 'Reseller'), "
200087,Shanita,Knopp,ShanitaJKnopp@fleckens.hu,317-869-3722,Reseller,,"(200087, ","'Shanita', ","'Knopp', ","'ShanitaJKnopp@fleckens.hu', ","'317-869-3722', ","'Reseller'), ",,"(200087, 'Shanita', 'Knopp', 'ShanitaJKnopp@fleckens.hu', '317-869-3722', 'Reseller'), "
200088,Larry,Deel,LarryJDeel@jourrapide.com,501-858-6664,Reseller,,"(200088, ","'Larry', ","'Deel', ","'LarryJDeel@jourrapide.com', ","'501-858-6664', ","'Reseller'), ",,"(200088, 'Larry', 'Deel', 'LarryJDeel@jourrapide.com', '501-858-6664', 'Reseller'), "
200089,Edward,Regalado,EdwardTRegalado@rhyta.com,415-715-4508,Surfer,,"(200089, ","'Edward', ","'Regalado', ","'EdwardTRegalado@rhyta.com', ","'415-715-4508', ","'Surfer'), ",,"(200089, 'Edward', 'Regalado', 'EdwardTRegalado@rhyta.com', '415-715-4508', 'Surfer'), "
200090,Sondra,Phinney,SondraRPhinney@einrot.com,337-380-9812,Wholesaler,,"(200090, ","'Sondra', ","'Phinney', ","'SondraRPhinney@einrot.com', ","'337-380-9812', ","'Wholesaler'), ",,"(200090, 'Sondra', 'Phinney', 'SondraRPhinney@einrot.com', '337-380-9812', 'Wholesaler'), "
200091,Kenneth,Chafin,KennethDChafin@teleworm.us,313-627-4199,Wholesaler,,"(200091, ","'Kenneth', ","'Chafin', ","'KennethDChafin@teleworm.us', ","'313-627-4199', ","'Wholesaler'), ",,"(200091, 'Kenneth', 'Chafin', 'KennethDChafin@teleworm.us', '313-627-4199', 'Wholesaler'), "
200092,Floy,Clark,FloyBClark@jourrapide.com,504-554-3017,Reseller,,"(200092, ","'Floy', ","'Clark', ","'FloyBClark@jourrapide.com', ","'504-554-3017', ","'Reseller'), ",,"(200092, 'Floy', 'Clark', 'FloyBClark@jourrapide.com', '504-554-3017', 'Reseller'), "
200093,Cindy,Holmes,CindyJHolmes@fleckens.hu,912-291-7165,Wholesaler,,"(200093, ","'Cindy', ","'Holmes', ","'CindyJHolmes@fleckens.hu', ","'912-291-7165', ","'Wholesaler'), ",,"(200093, 'Cindy', 'Holmes', 'CindyJHolmes@fleckens.hu', '912-291-7165', 'Wholesaler'), "
200094,Jesus,Young,JesusKYoung@gustr.com,863-546-4582,Surfer,,"(200094, ","'Jesus', ","'Young', ","'JesusKYoung@gustr.com', ","'863-546-4582', ","'Surfer'), ",,"(200094, 'Jesus', 'Young', 'JesusKYoung@gustr.com', '863-546-4582', 'Surfer'), "
200095,Deborah,Brooks,DeborahGBrooks@rhyta.com,601-608-0424,Wholesaler,,"(200095, ","'Deborah', ","'Brooks', ","'DeborahGBrooks@rhyta.com', ","'601-608-0424', ","'Wholesaler'), ",,"(200095, 'Deborah', 'Brooks', 'DeborahGBrooks@rhyta.com', '601-608-0424', 'Wholesaler'), "
200096,Luis,Keene,LuisLKeene@teleworm.us,606-244-6726,Surfer,,"(200096, ","'Luis', ","'Keene', ","'LuisLKeene@teleworm.us', ","'606-244-6726', ","'Surfer'), ",,"(200096, 'Luis', 'Keene', 'LuisLKeene@teleworm.us', '606-244-6726', 'Surfer'), "
200097,Ashley,Cox,AshleyDCox@dayrep.com,406-337-5972,Wholesaler,,"(200097, ","'Ashley', ","'Cox', ","'AshleyDCox@dayrep.com', ","'406-337-5972', ","'Wholesaler'), ",,"(200097, 'Ashley', 'Cox', 'AshleyDCox@dayrep.com', '406-337-5972', 'Wholesaler'), "
200098,Andy,Bradford,AndyPBradford@superrito.com,631-943-9068,Reseller,,"(200098, ","'Andy', ","'Bradford', ","'AndyPBradford@superrito.com', ","'631-943-9068', ","'Reseller'), ",,"(200098, 'Andy', 'Bradford', 'AndyPBradford@superrito.com', '631-943-9068', 'Reseller'), "
200099,Patricia,Bohon,PatriciaABohon@jourrapide.com,540-468-0510,Surfer,,"(200099, ","'Patricia', ","'Bohon', ","'PatriciaABohon@jourrapide.com', ","'540-468-0510', ","'Surfer'), ",,"(200099, 'Patricia', 'Bohon', 'PatriciaABohon@jourrapide.com', '540-468-0510', 'Surfer'), "
200100,Matthew,Bowman,MatthewJBowman@dayrep.com,803-913-1992,Wholesaler,,"(200100, ","'Matthew', ","'Bowman', ","'MatthewJBowman@dayrep.com', ","'803-913-1992', ","'Wholesaler'), ",,"(200100, 'Matthew', 'Bowman', 'MatthewJBowman@dayrep.com', '803-913-1992', 'Wholesaler'), "
200101,Keith,Herr,KeithLHerr@teleworm.us,843-483-5850,Surfer,,"(200101, ","'Keith', ","'Herr', ","'KeithLHerr@teleworm.us', ","'843-483-5850', ","'Surfer'), ",,"(200101, 'Keith', 'Herr', 'KeithLHerr@teleworm.us', '843-483-5850', 'Surfer'), "
200102,Raymond,Nelson,RaymondLNelson@jourrapide.com,620-306-0469,Wholesaler,,"(200102, ","'Raymond', ","'Nelson', ","'RaymondLNelson@jourrapide.com', ","'620-306-0469', ","'Wholesaler'), ",,"(200102, 'Raymond', 'Nelson', 'RaymondLNelson@jourrapide.com', '620-306-0469', 'Wholesaler'), "
200103,Kizzy,Goetz,KizzyKGoetz@jourrapide.com,207-621-2386,Reseller,,"(200103, ","'Kizzy', ","'Goetz', ","'KizzyKGoetz@jourrapide.com', ","'207-621-2386', ","'Reseller'), ",,"(200103, 'Kizzy', 'Goetz', 'KizzyKGoetz@jourrapide.com', '207-621-2386', 'Reseller'), "
200104,Dorothy,Edwards,DorothyEEdwards@rhyta.com,262-684-4515,Wholesaler,,"(200104, ","'Dorothy', ","'Edwards', ","'DorothyEEdwards@rhyta.com', ","'262-684-4515', ","'Wholesaler'), ",,"(200104, 'Dorothy', 'Edwards', 'DorothyEEdwards@rhyta.com', '262-684-4515', 'Wholesaler'), "
200105,Veronica,Toney,VeronicaJToney@superrito.com,972-458-2657,Surfer,,"(200105, ","'Veronica', ","'Toney', ","'VeronicaJToney@superrito.com', ","'972-458-2657', ","'Surfer'), ",,"(200105, 'Veronica', 'Toney', 'VeronicaJToney@superrito.com', '972-458-2657', 'Surfer'), "
200106,Tanner,Wallace,TannerJWallace@gustr.com,321-327-5751,Surfer,,"(200106, ","'Tanner', ","'Wallace', ","'TannerJWallace@gustr.com', ","'321-327-5751', ","'Surfer'), ",,"(200106, 'Tanner', 'Wallace', 'TannerJWallace@gustr.com', '321-327-5751', 'Surfer'), "
200107,William,Boyle,WilliamTBoyle@rhyta.com,336-733-9036,Surfer,,"(200107, ","'William', ","'Boyle', ","'WilliamTBoyle@rhyta.com', ","'336-733-9036', ","'Surfer'), ",,"(200107, 'William', 'Boyle', 'WilliamTBoyle@rhyta.com', '336-733-9036', 'Surfer'), "
200108,Terri,Butler,TerriSButler@rhyta.com,469-854-2036,Surfer,,"(200108, ","'Terri', ","'Butler', ","'TerriSButler@rhyta.com', ","'469-854-2036', ","'Surfer'), ",,"(200108, 'Terri', 'Butler', 'TerriSButler@rhyta.com', '469-854-2036', 'Surfer'), "
200109,Della,Kidd,DellaAKidd@fleckens.hu,718-218-0594,Surfer,,"(200109, ","'Della', ","'Kidd', ","'DellaAKidd@fleckens.hu', ","'718-218-0594', ","'Surfer'), ",,"(200109, 'Della', 'Kidd', 'DellaAKidd@fleckens.hu', '718-218-0594', 'Surfer'), "
200110,Jeanine,Wachter,JeanineMWachter@cuvox.de,606-639-9659,Surfer,,"(200110, ","'Jeanine', ","'Wachter', ","'JeanineMWachter@cuvox.de', ","'606-639-9659', ","'Surfer'), ",,"(200110, 'Jeanine', 'Wachter', 'JeanineMWachter@cuvox.de', '606-639-9659', 'Surfer'), "
200111,Thomas,Lewis,ThomasLLewis@superrito.com,615-775-0435,Reseller,,"(200111, ","'Thomas', ","'Lewis', ","'ThomasLLewis@superrito.com', ","'615-775-0435', ","'Reseller'), ",,"(200111, 'Thomas', 'Lewis', 'ThomasLLewis@superrito.com', '615-775-0435', 'Reseller'), "
200112,James,Davis,JamesLDavis@superrito.com,626-653-3675,Reseller,,"(200112, ","'James', ","'Davis', ","'JamesLDavis@superrito.com', ","'626-653-3675', ","'Reseller'), ",,"(200112, 'James', 'Davis', 'JamesLDavis@superrito.com', '626-653-3675', 'Reseller'), "
200113,Sarah,Colvin,SarahDColvin@dayrep.com,484-255-0610,Reseller,,"(200113, ","'Sarah', ","'Colvin', ","'SarahDColvin@dayrep.com', ","'484-255-0610', ","'Reseller'), ",,"(200113, 'Sarah', 'Colvin', 'SarahDColvin@dayrep.com', '484-255-0610', 'Reseller'), "
200114,Jeanette,Cornett,JeanetteACornett@superrito.com,361-857-3746,Surfer,,"(200114, ","'Jeanette', ","'Cornett', ","'JeanetteACornett@superrito.com', ","'361-857-3746', ","'Surfer'), ",,"(200114, 'Jeanette', 'Cornett', 'JeanetteACornett@superrito.com', '361-857-3746', 'Surfer'), "
200115,Peter,Jordan,PeterDJordan@einrot.com,267-795-1055,Wholesaler,,"(200115, ","'Peter', ","'Jordan', ","'PeterDJordan@einrot.com', ","'267-795-1055', ","'Wholesaler'), ",,"(200115, 'Peter', 'Jordan', 'PeterDJordan@einrot.com', '267-795-1055', 'Wholesaler'), "
200116,Donald,Cohen,DonaldCCohen@fleckens.hu,605-346-3473,Wholesaler,,"(200116, ","'Donald', ","'Cohen', ","'DonaldCCohen@fleckens.hu', ","'605-346-3473', ","'Wholesaler'), ",,"(200116, 'Donald', 'Cohen', 'DonaldCCohen@fleckens.hu', '605-346-3473', 'Wholesaler'), "
200117,Michael,Lord,MichaelRLord@cuvox.de,801-233-5971,Reseller,,"(200117, ","'Michael', ","'Lord', ","'MichaelRLord@cuvox.de', ","'801-233-5971', ","'Reseller'), ",,"(200117, 'Michael', 'Lord', 'MichaelRLord@cuvox.de', '801-233-5971', 'Reseller'), "
200118,Keri,Sears,KeriJSears@armyspy.com,904-589-6166,Surfer,,"(200118, ","'Keri', ","'Sears', ","'KeriJSears@armyspy.com', ","'904-589-6166', ","'Surfer'), ",,"(200118, 'Keri', 'Sears', 'KeriJSears@armyspy.com', '904-589-6166', 'Surfer'), "
200119,Jeff,Matz,JeffCMatz@superrito.com,224-655-2420,Surfer,,"(200119, ","'Jeff', ","'Matz', ","'JeffCMatz@superrito.com', ","'224-655-2420', ","'Surfer'), ",,"(200119, 'Jeff', 'Matz', 'JeffCMatz@superrito.com', '224-655-2420', 'Surfer'), "
200120,Pearl,Howard,PearlCHoward@dayrep.com,412-367-6573,Reseller,,"(200120, ","'Pearl', ","'Howard', ","'PearlCHoward@dayrep.com', ","'412-367-6573', ","'Reseller'), ",,"(200120, 'Pearl', 'Howard', 'PearlCHoward@dayrep.com', '412-367-6573', 'Reseller'), "
200121,Cheryl,Edwards,CherylPEdwards@gustr.com,304-371-0791,Surfer,,"(200121, ","'Cheryl', ","'Edwards', ","'CherylPEdwards@gustr.com', ","'304-371-0791', ","'Surfer'), ",,"(200121, 'Cheryl', 'Edwards', 'CherylPEdwards@gustr.com', '304-371-0791', 'Surfer'), "
200122,Douglas,Dyar,DouglasMDyar@jourrapide.com,765-889-8420,Wholesaler,,"(200122, ","'Douglas', ","'Dyar', ","'DouglasMDyar@jourrapide.com', ","'765-889-8420', ","'Wholesaler'), ",,"(200122, 'Douglas', 'Dyar', 'DouglasMDyar@jourrapide.com', '765-889-8420', 'Wholesaler'), "
200123,John,Troutt,JohnHTroutt@rhyta.com,386-935-6776,Reseller,,"(200123, ","'John', ","'Troutt', ","'JohnHTroutt@rhyta.com', ","'386-935-6776', ","'Reseller'), ",,"(200123, 'John', 'Troutt', 'JohnHTroutt@rhyta.com', '386-935-6776', 'Reseller'), "
200124,Keith,Lyles,KeithRLyles@cuvox.de,812-450-3378,Reseller,,"(200124, ","'Keith', ","'Lyles', ","'KeithRLyles@cuvox.de', ","'812-450-3378', ","'Reseller'), ",,"(200124, 'Keith', 'Lyles', 'KeithRLyles@cuvox.de', '812-450-3378', 'Reseller'), "
200125,Barbara,Boone,BarbaraVBoone@rhyta.com,830-841-9163,Surfer,,"(200125, ","'Barbara', ","'Boone', ","'BarbaraVBoone@rhyta.com', ","'830-841-9163', ","'Surfer'), ",,"(200125, 'Barbara', 'Boone', 'BarbaraVBoone@rhyta.com', '830-841-9163', 'Surfer'), "
200126,Alice,Johnson,AliceHJohnson@teleworm.us,678-498-8374,Wholesaler,,"(200126, ","'Alice', ","'Johnson', ","'AliceHJohnson@teleworm.us', ","'678-498-8374', ","'Wholesaler'), ",,"(200126, 'Alice', 'Johnson', 'AliceHJohnson@teleworm.us', '678-498-8374', 'Wholesaler'), "
200127,Sam,Gordon,SamMGordon@dayrep.com,201-848-0553,Reseller,,"(200127, ","'Sam', ","'Gordon', ","'SamMGordon@dayrep.com', ","'201-848-0553', ","'Reseller'), ",,"(200127, 'Sam', 'Gordon', 'SamMGordon@dayrep.com', '201-848-0553', 'Reseller'), "
200128,Gloria,Manning,GloriaMManning@gustr.com,972-646-8611,Surfer,,"(200128, ","'Gloria', ","'Manning', ","'GloriaMManning@gustr.com', ","'972-646-8611', ","'Surfer'), ",,"(200128, 'Gloria', 'Manning', 'GloriaMManning@gustr.com', '972-646-8611', 'Surfer'), "
200129,Eva,Jeffrey,EvaTJeffrey@dayrep.com,406-526-6620,Reseller,,"(200129, ","'Eva', ","'Jeffrey', ","'EvaTJeffrey@dayrep.com', ","'406-526-6620', ","'Reseller'), ",,"(200129, 'Eva', 'Jeffrey', 'EvaTJeffrey@dayrep.com', '406-526-6620', 'Reseller'), "
200130,Leonard,Davis,LeonardSDavis@einrot.com,972-626-9849,Reseller,,"(200130, ","'Leonard', ","'Davis', ","'LeonardSDavis@einrot.com', ","'972-626-9849', ","'Reseller'), ",,"(200130, 'Leonard', 'Davis', 'LeonardSDavis@einrot.com', '972-626-9849', 'Reseller'), "
200131,Clifton,Smith,CliftonASmith@superrito.com,415-225-7805,Surfer,,"(200131, ","'Clifton', ","'Smith', ","'CliftonASmith@superrito.com', ","'415-225-7805', ","'Surfer'), ",,"(200131, 'Clifton', 'Smith', 'CliftonASmith@superrito.com', '415-225-7805', 'Surfer'), "
200132,Jeffrey,Allen,JeffreySAllen@cuvox.de,609-721-4715,Surfer,,"(200132, ","'Jeffrey', ","'Allen', ","'JeffreySAllen@cuvox.de', ","'609-721-4715', ","'Surfer'), ",,"(200132, 'Jeffrey', 'Allen', 'JeffreySAllen@cuvox.de', '609-721-4715', 'Surfer'), "
200133,Michael,Byrd,MichaelBByrd@cuvox.de,931-668-0050,Surfer,,"(200133, ","'Michael', ","'Byrd', ","'MichaelBByrd@cuvox.de', ","'931-668-0050', ","'Surfer'), ",,"(200133, 'Michael', 'Byrd', 'MichaelBByrd@cuvox.de', '931-668-0050', 'Surfer'), "
200134,John,Williams,JohnMWilliams@dayrep.com,408-342-6867,Surfer,,"(200134, ","'John', ","'Williams', ","'JohnMWilliams@dayrep.com', ","'408-342-6867', ","'Surfer'), ",,"(200134, 'John', 'Williams', 'JohnMWilliams@dayrep.com', '408-342-6867', 'Surfer'), "
200135,Leroy,Boyd,LeroyPBoyd@armyspy.com,717-307-0550,Wholesaler,,"(200135, ","'Leroy', ","'Boyd', ","'LeroyPBoyd@armyspy.com', ","'717-307-0550', ","'Wholesaler'), ",,"(200135, 'Leroy', 'Boyd', 'LeroyPBoyd@armyspy.com', '717-307-0550', 'Wholesaler'), "
200136,Jacob,Homer,JacobSHomer@einrot.com,305-213-9479,Wholesaler,,"(200136, ","'Jacob', ","'Homer', ","'JacobSHomer@einrot.com', ","'305-213-9479', ","'Wholesaler'), ",,"(200136, 'Jacob', 'Homer', 'JacobSHomer@einrot.com', '305-213-9479', 'Wholesaler'), "
200137,Karen,Green,KarenCGreen@superrito.com,812-790-3875,Reseller,,"(200137, ","'Karen', ","'Green', ","'KarenCGreen@superrito.com', ","'812-790-3875', ","'Reseller'), ",,"(200137, 'Karen', 'Green', 'KarenCGreen@superrito.com', '812-790-3875', 'Reseller'), "
200138,Thomas,Kraus,ThomasAKraus@dayrep.com,229-821-7979,Reseller,,"(200138, ","'Thomas', ","'Kraus', ","'ThomasAKraus@dayrep.com', ","'229-821-7979', ","'Reseller'), ",,"(200138, 'Thomas', 'Kraus', 'ThomasAKraus@dayrep.com', '229-821-7979', 'Reseller'), "
200139,Mathew,Farmer,MathewPFarmer@cuvox.de,812-392-8535,Reseller,,"(200139, ","'Mathew', ","'Farmer', ","'MathewPFarmer@cuvox.de', ","'812-392-8535', ","'Reseller'), ",,"(200139, 'Mathew', 'Farmer', 'MathewPFarmer@cuvox.de', '812-392-8535', 'Reseller'), "
200140,Garth,Quinn,GarthDQuinn@superrito.com,212-856-2535,Reseller,,"(200140, ","'Garth', ","'Quinn', ","'GarthDQuinn@superrito.com', ","'212-856-2535', ","'Reseller'), ",,"(200140, 'Garth', 'Quinn', 'GarthDQuinn@superrito.com', '212-856-2535', 'Reseller'), "
200141,Amanda,Runge,AmandaLRunge@dayrep.com,518-512-1036,Reseller,,"(200141, ","'Amanda', ","'Runge', ","'AmandaLRunge@dayrep.com', ","'518-512-1036', ","'Reseller'), ",,"(200141, 'Amanda', 'Runge', 'AmandaLRunge@dayrep.com', '518-512-1036', 'Reseller'), "
200142,William,Grant,WilliamAGrant@dayrep.com,401-641-3516,Reseller,,"(200142, ","'William', ","'Grant', ","'WilliamAGrant@dayrep.com', ","'401-641-3516', ","'Reseller'), ",,"(200142, 'William', 'Grant', 'WilliamAGrant@dayrep.com', '401-641-3516', 'Reseller'), "
200143,Amber,Angus,AmberDAngus@cuvox.de,757-267-1041,Reseller,,"(200143, ","'Amber', ","'Angus', ","'AmberDAngus@cuvox.de', ","'757-267-1041', ","'Reseller'), ",,"(200143, 'Amber', 'Angus', 'AmberDAngus@cuvox.de', '757-267-1041', 'Reseller'), "
200144,David,Coots,DavidNCoots@jourrapide.com,315-431-0611,Surfer,,"(200144, ","'David', ","'Coots', ","'DavidNCoots@jourrapide.com', ","'315-431-0611', ","'Surfer'), ",,"(200144, 'David', 'Coots', 'DavidNCoots@jourrapide.com', '315-431-0611', 'Surfer'), "
200145,Dave,Burgos,DaveCBurgos@dayrep.com,580-438-9367,Reseller,,"(200145, ","'Dave', ","'Burgos', ","'DaveCBurgos@dayrep.com', ","'580-438-9367', ","'Reseller'), ",,"(200145, 'Dave', 'Burgos', 'DaveCBurgos@dayrep.com', '580-438-9367', 'Reseller'), "
200146,Brandon,Larson,BrandonMLarson@armyspy.com,567-674-2174,Wholesaler,,"(200146, ","'Brandon', ","'Larson', ","'BrandonMLarson@armyspy.com', ","'567-674-2174', ","'Wholesaler'), ",,"(200146, 'Brandon', 'Larson', 'BrandonMLarson@armyspy.com', '567-674-2174', 'Wholesaler'), "
200147,Joe,Cunningham,JoeMCunningham@gustr.com,240-325-3438,Reseller,,"(200147, ","'Joe', ","'Cunningham', ","'JoeMCunningham@gustr.com', ","'240-325-3438', ","'Reseller'), ",,"(200147, 'Joe', 'Cunningham', 'JoeMCunningham@gustr.com', '240-325-3438', 'Reseller'), "
200148,Elizabeth,Young,ElizabethCYoung@dayrep.com,217-614-8823,Wholesaler,,"(200148, ","'Elizabeth', ","'Young', ","'ElizabethCYoung@dayrep.com', ","'217-614-8823', ","'Wholesaler'), ",,"(200148, 'Elizabeth', 'Young', 'ElizabethCYoung@dayrep.com', '217-614-8823', 'Wholesaler'), "
200149,Graciela,Marley,GracielaRMarley@dayrep.com,636-484-8174,Surfer,,"(200149, ","'Graciela', ","'Marley', ","'GracielaRMarley@dayrep.com', ","'636-484-8174', ","'Surfer'), ",,"(200149, 'Graciela', 'Marley', 'GracielaRMarley@dayrep.com', '636-484-8174', 'Surfer'), "
